{
  "Logistic Regression": {
    "Accuracy": 0.9854368932038835,
    "AUC": 0.9994048703323269,
    "Precision": 0.985455911404335,
    "Recall": 0.9854368932038835,
    "F1": 0.985424090805707,
    "MCC": 0.9824892617443217
  },
  "Decision Tree": {
    "Accuracy": 0.9368932038834952,
    "AUC": 0.9622345697796651,
    "Precision": 0.9372743159101911,
    "Recall": 0.9368932038834952,
    "F1": 0.9369623876260287,
    "MCC": 0.9241481183396001
  },
  "kNN": {
    "Accuracy": 0.9626213592233009,
    "AUC": 0.9979859203642687,
    "Precision": 0.9640370127552789,
    "Recall": 0.9626213592233009,
    "F1": 0.9624769194015109,
    "MCC": 0.9553863612911309
  },
  "Naive Bayes (Gaussian)": {
    "Accuracy": 0.7242718446601941,
    "AUC": 0.9613659540951169,
    "Precision": 0.789782094092001,
    "Recall": 0.7242718446601941,
    "F1": 0.7125197857646337,
    "MCC": 0.6876603871870662
  },
  "Random Forest (Ensemble)": {
    "Accuracy": 0.9815533980582525,
    "AUC": 0.9995830848335243,
    "Precision": 0.9816720837598627,
    "Recall": 0.9815533980582525,
    "F1": 0.981567624029054,
    "MCC": 0.9778274735117923
  },
  "XGBoost (Ensemble)": {
    "Accuracy": 0.9941747572815534,
    "AUC": 0.9999316203874684,
    "Precision": 0.9941856447226004,
    "Recall": 0.9941747572815534,
    "F1": 0.9941763557644354,
    "MCC": 0.9929941628802069
  }
}